brand,title,content,author,subreddit,created_utc,url,score,clean_text,sentiment
nvidia,NVIDIA GTC 2025: The Time Has Come The Valley Said,,tctjr,technology,1742759179.0,https://reddit.com/r/technology/comments/1ji7w7p/nvidia_gtc_2025_the_time_has_come_the_valley_said/,0,time come valley say,NEUTRAL
nvidia,Nvidia’s CEO sought to help the quantum companies and ended up causing another sell-off in the stocks,,Logical_Welder3467,technology,1742691544.0,https://reddit.com/r/technology/comments/1jhniy2/nvidias_ceo_sought_to_help_the_quantum_companies/,283,seek help quantum company end cause selloff stock,NEUTRAL
nvidia,"Nvidia CEO Huang says he was wrong about timeline for quantum, surprised his comments hurt stocks",,Logical_Welder3467,technology,1742514869.0,https://reddit.com/r/technology/comments/1jg3iip/nvidia_ceo_huang_says_he_was_wrong_about_timeline/,54,say wrong timeline quantum surprise comment hurt stock,NEGATIVE
nvidia,Dell discloses monster 20-petaFLOPS desktop built on Nvidia's GB300 Superchip,,Logical_Welder3467,technology,1742453388.0,https://reddit.com/r/technology/comments/1jfixpi/dell_discloses_monster_20petaflops_desktop_built/,8,disclose monster petaflop desktop build superchip,NEUTRAL
nvidia,"Nvidia, Google, and Disney's AI-powered Star Wars robot is absolutely the droid I've been looking for",,SeveralSeat2176,technology,1742425137.0,https://reddit.com/r/technology/comments/1jfafa7/nvidia_google_and_disneys_aipowered_star_wars/,0,aipowere star war robot absolutely droid look,NEUTRAL
nvidia,"Nvidia announces Blackwell Ultra GB300 and Vera Rubin, its next AI ‘superchips’",,oplast,technology,1742411439.0,https://reddit.com/r/technology/comments/1jf50f2/nvidia_announces_blackwell_ultra_gb300_and_vera/,2,announce blackwell ultra gb vera rubin ai superchip,NEUTRAL
nvidia,"Nvidia CEO: Robots will be paid $50,000 a year to fill jobs by 2030",,tylerthe-theatre,technology,1742394280.0,https://reddit.com/r/technology/comments/1jey6xl/nvidia_ceo_robots_will_be_paid_50000_a_year_to/,0,robot pay year fill job,NEUTRAL
nvidia,"Nvidia, Elon Musk's xAI to join Microsoft, BlackRock to develop AI infrastructure",,Logical_Welder3467,technology,1742384452.0,https://reddit.com/r/technology/comments/1jeuzih/nvidia_elon_musks_xai_to_join_microsoft_blackrock/,2,musk join develop ai infrastructure,NEUTRAL
nvidia,Nvidia and Google DeepMind will help power Disney’s cute robots,,oplast,technology,1742381878.0,https://reddit.com/r/technology/comments/1jeuagw/nvidia_and_google_deepmind_will_help_power/,0,help power cute robot,POSITIVE
nvidia,"Nvidia’s next chips are named after Vera Rubin, astronomer who discovered dark matter",,Logical_Welder3467,technology,1742344184.0,https://reddit.com/r/technology/comments/1jekj79/nvidias_next_chips_are_named_after_vera_rubin/,271,chip name vera astronomer discover dark matter,NEUTRAL
nvidia,"OpenAI’s First Stargate Site To Hold Up To 400,000 Nvidia Chips",,Mynameis__--__,technology,1742343845.0,https://reddit.com/r/technology/comments/1jekez2/openais_first_stargate_site_to_hold_up_to_400000/,0,site hold chip,NEUTRAL
nvidia,Nvidia Announces DGX Desktop “Personal AI Supercomputers”,,Mynameis__--__,technology,1742333082.0,https://reddit.com/r/technology/comments/1jegdy9/nvidia_announces_dgx_desktop_personal_ai/,9,announce dgx desktop personal supercomputer,NEUTRAL
nvidia,Nvidia announces Blackwell Ultra and Vera Rubin AI chips,,Puginator,technology,1742323112.0,https://reddit.com/r/technology/comments/1jeca85/nvidia_announces_blackwell_ultra_and_vera_rubin/,1,announce blackwell ultra vera rubin ai chip,NEUTRAL
nvidia,Quantum computing stocks climb before Nvidia's first 'Quantum Day',,Logical_Welder3467,technology,1742267854.0,https://reddit.com/r/technology/comments/1jdvrye/quantum_computing_stocks_climb_before_nvidias/,6,compute stock climb day,NEUTRAL
nvidia,"TSMC pitched an Intel foundry joint venture to Nvidia, AMD, and Broadcom? A High-Profile Dinner and an Insider Clues",,Chiang83320,technology,1741952846.0,https://reddit.com/r/technology/comments/1jb20gm/tsmc_pitched_an_intel_foundry_joint_venture_to/,2,pitch intel foundry joint venture broadcom highprofile dinner insider clue,NEUTRAL
nvidia,"TSMC And Intel Foundry Joint Venture Reportedly Still In The Works: AMD, Broadcom, And Nvidia Approached",,Mynameis__--__,technology,1741786623.0,https://reddit.com/r/technology/comments/1j9k8y9/tsmc_and_intel_foundry_joint_venture_reportedly/,6,foundry joint venture reportedly work approach,NEUTRAL
nvidia,NVIDIA GeForce RTX 4090 with upgraded 96GB VRAM teased: could release soon for AI workloads,,Arthur_Morgan44469,technology,1741212166.0,https://reddit.com/r/technology/comments/1j4fdqo/nvidia_geforce_rtx_4090_with_upgraded_96gb_vram/,0,upgrade vram tease release soon workload,NEUTRAL
nvidia,Alleged Fraud in Nvidia AI Chip Shipments - diverted to China illegally?,,ChocoChip1947,technology,1741157217.0,https://reddit.com/r/technology/comments/1j3x5ml/alleged_fraud_in_nvidia_ai_chip_shipments/,93,allege fraud ai chip shipment divert illegally,NEGATIVE
nvidia,"Nvidia GeForce RTX 5070 review: No, it’s not “4090 performance at $549”",,spasticpat,technology,1741098836.0,https://reddit.com/r/technology/comments/1j3c3st/nvidia_geforce_rtx_5070_review_no_its_not_4090/,763,review performance,NEUTRAL
nvidia,"Nvidia warns of growing competition from China's Huawei, despite U.S. sanctions",,Potential-Focus3211,technology,1741065630.0,https://reddit.com/r/technology/comments/1j33kt5/nvidia_warns_of_growing_competition_from_chinas/,520,warn grow competition sanction,NEUTRAL
nvidia,"Singapore Scheme May Have Funneled Nvidia Chips to DeepSeek | Three people, including one Chinese national, were charged with conspiracy to commit fraud.",,chrisdh79,technology,1740928159.0,https://reddit.com/r/technology/comments/1j1swxh/singapore_scheme_may_have_funneled_nvidia_chips/,141,scheme funnel chip deepseek people include charge conspiracy commit fraud,NEGATIVE
nvidia,Nvidia's long-awaited Arm-based chip for PCs reportedly spotted running Geekbench very badly,,Arthur_Morgan44469,technology,1740774017.0,https://reddit.com/r/technology/comments/1j0h94z/nvidias_longawaited_armbased_chip_for_pcs/,19,longawaite armbase chip pc reportedly spot running geekbench badly,NEGATIVE
nvidia,Police Bust Ring Smuggling Nvidia GPUs To China-Based DeepSeek,,Mynameis__--__,technology,1740752969.0,https://reddit.com/r/technology/comments/1j08xns/police_bust_ring_smuggling_nvidia_gpus_to/,280,police bust ring smuggling gpu chinabase deepseek,NEUTRAL
nvidia,Nvidia bounced from the $3 trillion market cap club after shares fall more than 8%,,Logical_Welder3467,technology,1740713905.0,https://reddit.com/r/technology/comments/1izylaa/nvidia_bounced_from_the_3_trillion_market_cap/,295,bounce market cap club share fall,NEUTRAL
nvidia,"Nvidia gaming GPUs an afterthought as AI generates mountains of cash — RTX 50-series shortages mentioned, not explained",,Logical_Welder3467,technology,1740698822.0,https://reddit.com/r/technology/comments/1iztoel/nvidia_gaming_gpus_an_afterthought_as_ai/,54,gaming gpu afterthought generate mountain cash rtx series shortage mention explain,NEUTRAL
nvidia,"NVIDIA's next-gen B300 AI GPU expected to launch in Q3 2025, mass production in Q4 2025",,Arthur_Morgan44469,technology,1740618367.0,https://reddit.com/r/technology/comments/1iz3n0s/nvidias_nextgen_b300_ai_gpu_expected_to_launch_in/,5,ai expect launch q mass production q,NEUTRAL
nvidia,Nvidia CEO Jensen Huang shrugs off DeepSeek as sales soar | TechCrunch,,sloned1989,technology,1740617136.0,https://reddit.com/r/technology/comments/1iz37sn/nvidia_ceo_jensen_huang_shrugs_off_deepseek_as/,71,shrug deepseek sale soar techcrunch,NEUTRAL
nvidia,NVDA Stock Dips To 3-Week Low—What To Expect From Its Earnings Report,,alex040512,technology,1740556649.0,https://reddit.com/r/technology/comments/1iyihbm/nvda_stock_dips_to_3week_lowwhat_to_expect_from/,0,nvda stock dip week lowwhat expect earning report,NEUTRAL
nvidia,"Why Nvidia Is the King of AI Chips, and Can It Last?",,s1n0d3utscht3k,technology,1740528807.0,https://reddit.com/r/technology/comments/1iya6g6/why_nvidia_is_the_king_of_ai_chips_and_can_it_last/,0,king chip,NEUTRAL
nvidia,Nvidia's H20 Chip Orders Jump As Chinese Firms Adopt DeepSeek's AI Models,,Mynameis__--__,technology,1740512585.0,https://reddit.com/r/technology/comments/1iy3tt5/nvidias_h20_chip_orders_jump_as_chinese_firms/,6,chip order jump chinese firm adopt deepseek model,NEUTRAL
nvidia,"Nvidia, Cisco Extend Partnership Aimed At Speeding AI Adoption",,Mynameis__--__,technology,1740501238.0,https://reddit.com/r/technology/comments/1ixz6kt/nvidia_cisco_extend_partnership_aimed_at_speeding/,3,extend partnership aim speeding ai adoption,NEUTRAL
nvidia,NVIDIA now admits that GeForce RTX 5080 is affected by missing ROPs too,,chrisdh79,technology,1740485550.0,https://reddit.com/r/technology/comments/1ixtjqk/nvidia_now_admits_that_geforce_rtx_5080_is/,576,admit geforce rtx affect miss rop,NEUTRAL
nvidia,"RTX 5000 series now also has manufacturing issues, continuing Nvidia’s shoddy streak",,dishant_thapa,technology,1740377948.0,https://reddit.com/r/technology/comments/1iwvgo3/rtx_5000_series_now_also_has_manufacturing_issues/,234,rtx series manufacturing issue continue streak,NEUTRAL
nvidia,"Nvidia RTX 5090 and 5070 Ti cards from multiple vendors are missing ROP units, impacting performance | Run GPU-Z to confirm your card has all 176 ROP units",,chrisdh79,technology,1740320688.0,https://reddit.com/r/technology/comments/1iwb8wb/nvidia_rtx_5090_and_5070_ti_cards_from_multiple/,332,ti card multiple vendor miss rop unit impact performance run gpuz confirm card rop unit,NEUTRAL
nvidia,Nvidia CEO Jensen Huang says market got it wrong about DeepSeek’s impact,,ursiality,technology,1740233532.0,https://reddit.com/r/technology/comments/1ivjlaq/nvidia_ceo_jensen_huang_says_market_got_it_wrong/,275,say market get wrong deepseek impact,NEGATIVE
nvidia,"Nvidia GeForce RTX 5070 Ti review: An RTX 4080 for $749, at least in theory",,EverythingCaden,technology,1740157827.0,https://reddit.com/r/technology/comments/1iuvysb/nvidia_geforce_rtx_5070_ti_review_an_rtx_4080_for/,0,review rtx theory,NEUTRAL
nvidia,Leaked AMD RX 9070 XT Benchmarks See It Match Nvidia's RTX 4070 In Synthetic Tests,,Mynameis__--__,technology,1740150807.0,https://reddit.com/r/technology/comments/1iut60o/leaked_amd_rx_9070_xt_benchmarks_see_it_match/,16,leak amd benchmark match nvidias rtx synthetic test,NEUTRAL
nvidia,Nvidia launching AI platform to make learning sign language easier,,AmethystOrator,technology,1740094336.0,https://reddit.com/r/technology/comments/1iucs3x/nvidia_launching_ai_platform_to_make_learning/,16,launch ai platform learning sign language easy,NEUTRAL
nvidia,"Nvidia GeForce RTX 5070 Ti review: A proper high-end GPU, if you can find it at MSRP",,Logical_Welder3467,technology,1740011738.0,https://reddit.com/r/technology/comments/1itlh29/nvidia_geforce_rtx_5070_ti_review_a_proper/,0,review proper highend gpu find msrp,NEUTRAL
